-- ============================================================
-- ALiSiO PMS — Seed Data
-- Run this AFTER 001_schema.sql to populate initial data
-- ============================================================

-- ─── Organization ───────────────────────────────────────────
INSERT INTO organizations (id, name, slug) VALUES
  ('a0000000-0000-0000-0000-000000000001', 'ALiSiO Properties', 'alisio');

-- ─── Property ───────────────────────────────────────────────
INSERT INTO properties (id, organization_id, name, slug, city, country, check_in_time, check_out_time) VALUES
  ('b0000000-0000-0000-0000-000000000001', 'a0000000-0000-0000-0000-000000000001', 'ALiSiO Resort & Glamping', 'alisio-main', 'Luhačovice', 'CZ', '15:00', '10:00');

-- ─── Categories ─────────────────────────────────────────────
INSERT INTO categories (id, property_id, name, type, sort_order, icon, color) VALUES
  ('c0000000-0000-0000-0000-000000000001', 'b0000000-0000-0000-0000-000000000001', 'Glamping', 'glamping', 1, '🏕️', '#a78bfa'),
  ('c0000000-0000-0000-0000-000000000002', 'b0000000-0000-0000-0000-000000000001', 'Resort', 'resort', 2, '🏨', '#60a5fa'),
  ('c0000000-0000-0000-0000-000000000003', 'b0000000-0000-0000-0000-000000000001', 'Camping', 'camping', 3, '⛺', '#34d399');

-- ─── Buildings ──────────────────────────────────────────────
INSERT INTO buildings (id, category_id, property_id, name, code, sort_order) VALUES
  ('d0000000-0000-0000-0000-000000000001', 'c0000000-0000-0000-0000-000000000002', 'b0000000-0000-0000-0000-000000000001', 'Будова F (Standart)', 'F', 1),
  ('d0000000-0000-0000-0000-000000000002', 'c0000000-0000-0000-0000-000000000002', 'b0000000-0000-0000-0000-000000000001', 'Будова D (Econom)', 'D', 2);

-- ─── Unit Types ─────────────────────────────────────────────
-- Glamping
INSERT INTO unit_types (id, property_id, category_id, name, code, max_adults, max_children, max_occupancy, base_occupancy, beds_double, sort_order) VALUES
  ('e0000000-0000-0000-0000-000000000001', 'b0000000-0000-0000-0000-000000000001', 'c0000000-0000-0000-0000-000000000001', 'Stealth House (2 місця)', 'STEALTH', 2, 0, 2, 2, 1, 1),
  ('e0000000-0000-0000-0000-000000000002', 'b0000000-0000-0000-0000-000000000001', 'c0000000-0000-0000-0000-000000000001', 'Mirror House (2 місця)', 'MIRROR', 2, 0, 2, 2, 1, 2),
  ('e0000000-0000-0000-0000-000000000003', 'b0000000-0000-0000-0000-000000000001', 'c0000000-0000-0000-0000-000000000001', '4-місний будинок', 'GLAMP4', 4, 0, 4, 2, 1, 3);

-- Resort F
INSERT INTO unit_types (id, property_id, category_id, building_id, name, code, max_adults, max_children, max_occupancy, base_occupancy, beds_double, sort_order) VALUES
  ('e0000000-0000-0000-0000-000000000004', 'b0000000-0000-0000-0000-000000000001', 'c0000000-0000-0000-0000-000000000002', 'd0000000-0000-0000-0000-000000000001', 'F — 2-місний', 'F-2BED', 2, 1, 3, 2, 1, 1),
  ('e0000000-0000-0000-0000-000000000005', 'b0000000-0000-0000-0000-000000000001', 'c0000000-0000-0000-0000-000000000002', 'd0000000-0000-0000-0000-000000000001', 'F — 3-місний', 'F-3BED', 3, 1, 4, 2, 1, 2),
  ('e0000000-0000-0000-0000-000000000006', 'b0000000-0000-0000-0000-000000000001', 'c0000000-0000-0000-0000-000000000002', 'd0000000-0000-0000-0000-000000000001', 'F — 4-місний', 'F-4BED', 4, 2, 6, 2, 1, 3);

-- Resort D
INSERT INTO unit_types (id, property_id, category_id, building_id, name, code, max_adults, max_children, max_occupancy, base_occupancy, beds_single, beds_double, sort_order) VALUES
  ('e0000000-0000-0000-0000-000000000007', 'b0000000-0000-0000-0000-000000000001', 'c0000000-0000-0000-0000-000000000002', 'd0000000-0000-0000-0000-000000000002', 'D — Econom', 'D-ECO', 3, 1, 4, 2, 1, 1, 1);

-- Camping
INSERT INTO unit_types (id, property_id, category_id, name, code, max_adults, max_children, max_occupancy, base_occupancy, sort_order) VALUES
  ('e0000000-0000-0000-0000-000000000008', 'b0000000-0000-0000-0000-000000000001', 'c0000000-0000-0000-0000-000000000003', 'FB — Front Pitch', 'FB', 4, 2, 6, 2, 1),
  ('e0000000-0000-0000-0000-000000000009', 'b0000000-0000-0000-0000-000000000001', 'c0000000-0000-0000-0000-000000000003', 'BB — Between Pitch', 'BB', 4, 2, 6, 2, 2),
  ('e0000000-0000-0000-0000-000000000010', 'b0000000-0000-0000-0000-000000000001', 'c0000000-0000-0000-0000-000000000003', 'FR — Restaurant Pitch', 'FR', 4, 2, 6, 2, 3),
  ('e0000000-0000-0000-0000-000000000011', 'b0000000-0000-0000-0000-000000000001', 'c0000000-0000-0000-0000-000000000003', 'BR — River Pitch', 'BR', 4, 2, 6, 2, 4);

-- ─── Units: Glamping ────────────────────────────────────────
INSERT INTO units (property_id, unit_type_id, category_id, name, code, beds, sort_order) VALUES
  -- Stealth 3 units
  ('b0000000-0000-0000-0000-000000000001', 'e0000000-0000-0000-0000-000000000001', 'c0000000-0000-0000-0000-000000000001', 'Stealth 1', 'ST1', 2, 1),
  ('b0000000-0000-0000-0000-000000000001', 'e0000000-0000-0000-0000-000000000001', 'c0000000-0000-0000-0000-000000000001', 'Stealth 2', 'ST2', 2, 2),
  ('b0000000-0000-0000-0000-000000000001', 'e0000000-0000-0000-0000-000000000001', 'c0000000-0000-0000-0000-000000000001', 'Stealth 3', 'ST3', 2, 3),
  -- Mirror 2 units
  ('b0000000-0000-0000-0000-000000000001', 'e0000000-0000-0000-0000-000000000002', 'c0000000-0000-0000-0000-000000000001', 'Mirror 1', 'MR1', 2, 4),
  ('b0000000-0000-0000-0000-000000000001', 'e0000000-0000-0000-0000-000000000002', 'c0000000-0000-0000-0000-000000000001', 'Mirror 2', 'MR2', 2, 5),
  -- 4-person 3 units
  ('b0000000-0000-0000-0000-000000000001', 'e0000000-0000-0000-0000-000000000003', 'c0000000-0000-0000-0000-000000000001', '4-місний 1', 'G4-1', 4, 6),
  ('b0000000-0000-0000-0000-000000000001', 'e0000000-0000-0000-0000-000000000003', 'c0000000-0000-0000-0000-000000000001', '4-місний 2', 'G4-2', 4, 7),
  ('b0000000-0000-0000-0000-000000000001', 'e0000000-0000-0000-0000-000000000003', 'c0000000-0000-0000-0000-000000000001', '4-місний 3', 'G4-3', 4, 8);

-- ─── Units: Resort Building F ───────────────────────────────
INSERT INTO units (property_id, unit_type_id, category_id, building_id, name, code, beds, sort_order) VALUES
  -- 2-bed rooms
  ('b0000000-0000-0000-0000-000000000001', 'e0000000-0000-0000-0000-000000000004', 'c0000000-0000-0000-0000-000000000002', 'd0000000-0000-0000-0000-000000000001', 'F7', 'F7', 2, 1),
  ('b0000000-0000-0000-0000-000000000001', 'e0000000-0000-0000-0000-000000000004', 'c0000000-0000-0000-0000-000000000002', 'd0000000-0000-0000-0000-000000000001', 'F23', 'F23', 2, 17),
  -- 3-bed rooms
  ('b0000000-0000-0000-0000-000000000001', 'e0000000-0000-0000-0000-000000000005', 'c0000000-0000-0000-0000-000000000002', 'd0000000-0000-0000-0000-000000000001', 'F8', 'F8', 3, 2),
  ('b0000000-0000-0000-0000-000000000001', 'e0000000-0000-0000-0000-000000000005', 'c0000000-0000-0000-0000-000000000002', 'd0000000-0000-0000-0000-000000000001', 'F9', 'F9', 3, 3),
  ('b0000000-0000-0000-0000-000000000001', 'e0000000-0000-0000-0000-000000000005', 'c0000000-0000-0000-0000-000000000002', 'd0000000-0000-0000-0000-000000000001', 'F10', 'F10', 3, 4),
  ('b0000000-0000-0000-0000-000000000001', 'e0000000-0000-0000-0000-000000000005', 'c0000000-0000-0000-0000-000000000002', 'd0000000-0000-0000-0000-000000000001', 'F11', 'F11', 3, 5),
  ('b0000000-0000-0000-0000-000000000001', 'e0000000-0000-0000-0000-000000000005', 'c0000000-0000-0000-0000-000000000002', 'd0000000-0000-0000-0000-000000000001', 'F12', 'F12', 3, 6),
  ('b0000000-0000-0000-0000-000000000001', 'e0000000-0000-0000-0000-000000000005', 'c0000000-0000-0000-0000-000000000002', 'd0000000-0000-0000-0000-000000000001', 'F13', 'F13', 3, 7),
  ('b0000000-0000-0000-0000-000000000001', 'e0000000-0000-0000-0000-000000000005', 'c0000000-0000-0000-0000-000000000002', 'd0000000-0000-0000-0000-000000000001', 'F14', 'F14', 3, 8),
  ('b0000000-0000-0000-0000-000000000001', 'e0000000-0000-0000-0000-000000000005', 'c0000000-0000-0000-0000-000000000002', 'd0000000-0000-0000-0000-000000000001', 'F15', 'F15', 3, 9),
  ('b0000000-0000-0000-0000-000000000001', 'e0000000-0000-0000-0000-000000000005', 'c0000000-0000-0000-0000-000000000002', 'd0000000-0000-0000-0000-000000000001', 'F16', 'F16', 3, 10),
  ('b0000000-0000-0000-0000-000000000001', 'e0000000-0000-0000-0000-000000000005', 'c0000000-0000-0000-0000-000000000002', 'd0000000-0000-0000-0000-000000000001', 'F18', 'F18', 3, 12),
  ('b0000000-0000-0000-0000-000000000001', 'e0000000-0000-0000-0000-000000000005', 'c0000000-0000-0000-0000-000000000002', 'd0000000-0000-0000-0000-000000000001', 'F19', 'F19', 3, 13),
  ('b0000000-0000-0000-0000-000000000001', 'e0000000-0000-0000-0000-000000000005', 'c0000000-0000-0000-0000-000000000002', 'd0000000-0000-0000-0000-000000000001', 'F20', 'F20', 3, 14),
  ('b0000000-0000-0000-0000-000000000001', 'e0000000-0000-0000-0000-000000000005', 'c0000000-0000-0000-0000-000000000002', 'd0000000-0000-0000-0000-000000000001', 'F21', 'F21', 3, 15),
  -- 4-bed rooms
  ('b0000000-0000-0000-0000-000000000001', 'e0000000-0000-0000-0000-000000000006', 'c0000000-0000-0000-0000-000000000002', 'd0000000-0000-0000-0000-000000000001', 'F17', 'F17', 4, 11),
  ('b0000000-0000-0000-0000-000000000001', 'e0000000-0000-0000-0000-000000000006', 'c0000000-0000-0000-0000-000000000002', 'd0000000-0000-0000-0000-000000000001', 'F22', 'F22', 4, 16);

-- ─── Units: Resort Building D ───────────────────────────────
INSERT INTO units (property_id, unit_type_id, category_id, building_id, name, code, beds, sort_order)
SELECT
  'b0000000-0000-0000-0000-000000000001',
  'e0000000-0000-0000-0000-000000000007',
  'c0000000-0000-0000-0000-000000000002',
  'd0000000-0000-0000-0000-000000000002',
  'D' || g.n,
  'D' || g.n,
  3,
  g.n
FROM generate_series(1, 16) AS g(n);

-- ─── Units: Camping Zones ───────────────────────────────────
-- FB1-FB15
INSERT INTO units (property_id, unit_type_id, category_id, name, code, zone, beds, sort_order)
SELECT
  'b0000000-0000-0000-0000-000000000001',
  'e0000000-0000-0000-0000-000000000008',
  'c0000000-0000-0000-0000-000000000003',
  'FB' || g.n,
  'FB' || g.n,
  'FB',
  0,
  g.n
FROM generate_series(1, 15) AS g(n);

-- BB16-BB40
INSERT INTO units (property_id, unit_type_id, category_id, name, code, zone, beds, sort_order)
SELECT
  'b0000000-0000-0000-0000-000000000001',
  'e0000000-0000-0000-0000-000000000009',
  'c0000000-0000-0000-0000-000000000003',
  'BB' || g.n,
  'BB' || g.n,
  'BB',
  0,
  g.n
FROM generate_series(16, 40) AS g(n);

-- FR41-FR50
INSERT INTO units (property_id, unit_type_id, category_id, name, code, zone, beds, sort_order)
SELECT
  'b0000000-0000-0000-0000-000000000001',
  'e0000000-0000-0000-0000-000000000010',
  'c0000000-0000-0000-0000-000000000003',
  'FR' || g.n,
  'FR' || g.n,
  'FR',
  0,
  g.n
FROM generate_series(41, 50) AS g(n);

-- BR51-BR70
INSERT INTO units (property_id, unit_type_id, category_id, name, code, zone, beds, sort_order)
SELECT
  'b0000000-0000-0000-0000-000000000001',
  'e0000000-0000-0000-0000-000000000011',
  'c0000000-0000-0000-0000-000000000003',
  'BR' || g.n,
  'BR' || g.n,
  'BR',
  0,
  g.n
FROM generate_series(51, 70) AS g(n);

-- ─── Default Rate Plan ─────────────────────────────────────
INSERT INTO rate_plans (id, property_id, name, code, pricing_model, priority) VALUES
  ('f0000000-0000-0000-0000-000000000001', 'b0000000-0000-0000-0000-000000000001', 'Standard', 'STD', 'standard', 1),
  ('f0000000-0000-0000-0000-000000000002', 'b0000000-0000-0000-0000-000000000001', 'Non-Refundable', 'NR', 'derived', 2);

-- ─── Default Fees ───────────────────────────────────────────
INSERT INTO fees_taxes (property_id, name, type, amount) VALUES
  ('b0000000-0000-0000-0000-000000000001', 'Прибирання', 'per_stay', 500),
  ('b0000000-0000-0000-0000-000000000001', 'Туристичний збір', 'per_person_per_night', 50);

-- ─── Default Admin User ────────────────────────────────────
INSERT INTO app_users (organization_id, email, full_name, role) VALUES
  ('a0000000-0000-0000-0000-000000000001', 'admin@alisio.cz', 'Admin ALiSiO', 'admin');
